{
  "feature_cols": [
    "degree_avg",
    "degree_trend",
    "degree_stability",
    "form_trend",
    "track_suit",
    "track_experience_score",
    "distance_suit",
    "training_fitness",
    "training_degree_score",
    "weight_impact",
    "handicap_efficiency_score",
    "jockey_score",
    "bounce_score",
    "pace_score",
    "pedigree",
    "hp_score",
    "trainer_score",
    "agf_score",
    "age_score",
    "v4_score",
    "v4_rank",
    "field_size",
    "distance_num",
    "is_handikap",
    "is_maiden",
    "is_sartli",
    "is_kv",
    "is_grup",
    "is_satis",
    "track_kum",
    "track_cim",
    "track_sentetik",
    "has_training",
    "has_agf",
    "has_hp",
    "has_pedigree",
    "has_trainer",
    "has_age_actionable",
    "has_track_experience",
    "has_handicap_efficiency",
    "top3_feature_avg",
    "feature_variance"
  ],
  "stats": {
    "degree_avg": {
      "mean": 48.67643255950632,
      "std": 32.67534002862509
    },
    "degree_trend": {
      "mean": 49.5085806641199,
      "std": 21.80633758639239
    },
    "degree_stability": {
      "mean": 45.59885395239495,
      "std": 36.55580080230898
    },
    "form_trend": {
      "mean": 52.23226564795769,
      "std": 16.522242083480528
    },
    "track_suit": {
      "mean": 53.789538642374374,
      "std": 13.28498129679991
    },
    "track_experience_score": {
      "mean": 51.69691448721716,
      "std": 10.023651395870699
    },
    "distance_suit": {
      "mean": 53.160299735527474,
      "std": 22.283846147963928
    },
    "training_fitness": {
      "mean": 75.59432853364679,
      "std": 17.027106706076214
    },
    "training_degree_score": {
      "mean": 50.845107258301496,
      "std": 25.666722012680967
    },
    "weight_impact": {
      "mean": 48.264266823391125,
      "std": 11.958614781123941
    },
    "handicap_efficiency_score": {
      "mean": 50.090596532471345,
      "std": 1.2148555308876539
    },
    "jockey_score": {
      "mean": 40.90226270937408,
      "std": 14.600331216652243
    },
    "bounce_score": {
      "mean": 75.22774022920952,
      "std": 24.01511976792194
    },
    "pace_score": {
      "mean": 47.264178665883044,
      "std": 7.174814395929429
    },
    "pedigree": {
      "mean": 59.3454305024978,
      "std": 7.615768792859499
    },
    "hp_score": {
      "mean": 50.153893623273575,
      "std": 33.26980010686268
    },
    "trainer_score": {
      "mean": 48.5640317367029,
      "std": 10.162224239512929
    },
    "agf_score": {
      "mean": 38.70393770202762,
      "std": 25.94637096202414
    },
    "age_score": {
      "mean": 48.01604466647076,
      "std": 13.563848035913297
    },
    "v4_score": {
      "mean": 51.28433734939759,
      "std": 11.738842436111575
    },
    "v4_rank": {
      "mean": 6.197766676461946,
      "std": 3.90098968834288
    },
    "field_size": {
      "mean": 11.523949456362034,
      "std": 3.5865847817255054
    },
    "distance_num": {
      "mean": 1587.8930355568616,
      "std": 352.0567138785111
    },
    "is_handikap": {
      "mean": 0.29503379371143107,
      "std": 0.45605795057171383
    },
    "is_maiden": {
      "mean": 0.20687628563032617,
      "std": 0.40506602927686486
    },
    "is_sartli": {
      "mean": 0.3205994710549515,
      "std": 0.4667070282460259
    },
    "is_kv": {
      "mean": 0.0981486923302968,
      "std": 0.29751559038838543
    },
    "is_grup": {
      "mean": 0.0,
      "std": 0.0
    },
    "is_satis": {
      "mean": 0.026741110784601823,
      "std": 0.16132583109535642
    },
    "track_kum": {
      "mean": 0.43549808992065825,
      "std": 0.4958220483158415
    },
    "track_cim": {
      "mean": 0.4725242433147223,
      "std": 0.4992445120325023
    },
    "track_sentetik": {
      "mean": 0.09197766676461945,
      "std": 0.2889944213668424
    },
    "has_training": {
      "mean": 0.8160446664707611,
      "std": 0.3874477626666405
    },
    "has_agf": {
      "mean": 0.5354099324125772,
      "std": 0.4987445605583451
    },
    "has_hp": {
      "mean": 0.4416691154863356,
      "std": 0.4965858515018864
    },
    "has_pedigree": {
      "mean": 0.8051719071407581,
      "std": 0.39606831114351027
    },
    "has_trainer": {
      "mean": 0.5166029973552747,
      "std": 0.49972426444872653
    },
    "has_age_actionable": {
      "mean": 0.13693799588598296,
      "std": 0.3437818802216217
    },
    "has_track_experience": {
      "mean": 0.23508668821627976,
      "std": 0.4240529887169544
    },
    "has_handicap_efficiency": {
      "mean": 0.017043784895680283,
      "std": 0.12943451739049386
    },
    "top3_feature_avg": {
      "mean": 85.69567048682536,
      "std": 11.152234971343642
    },
    "feature_variance": {
      "mean": 472.4316996490794,
      "std": 194.13868557560278
    }
  },
  "metadata": {
    "model_version": "shadow-20260612-0053",
    "created_at": "2026-06-12T00:53:10",
    "train_races": 276,
    "validation_races": 69,
    "labeled_entries": 3403,
    "includes_agf": true,
    "objective": "rank:ndcg",
    "walk_forward_folds": 3,
    "retrain_rule": "+50 labeled races or weekly, whichever comes first",
    "activation_rule": "shadow only until 1000 overall races, 120 profile races, and 3 consecutive reports beat v4"
  }
}